{
  "AP": 0.9923781338536128,
  "F1_best": 0.9715639805380606,
  "thr_best": 0.4,
  "cm_best": {
    "tn": 635,
    "fp": 7,
    "fn": 5,
    "tp": 205
  },
  "img_size": 128,
  "vit": {
    "patch": 16,
    "dim": 256,
    "depth": 6,
    "heads": 4,
    "mlp_dim": 512,
    "drop": 0.1
  }
}